<?xml version="1.0" encoding="UTF-8"?>
<configuration>
	<!-- 客户端设置 /opt/apache-tomcat-chp7005_test/webapps/-->
	<config desc="服务端集成服务地址"  				key="Allinpay.SERVER.URL" 		value="http://116.236.252.101:10002/GTS/allinpay.do"/>
	<config desc="客户端ID" 						key="Allinpay.CLIENT.ID" 		value="109000211202004"/>
	<config desc="客户端密码" 					key="Allinpay.CLIENT.PASSWORD" 	value="cfca1234"/>
	<config desc="报文加密DES密钥（16进制64bits）" 	key="Allinpay.DES.KEY" 			value="F8E7D6C5B4A30291"/>
	<config desc="报文签名用的商户密钥，PFX文件格式" 	key="Allinpay.RSA.PFX" 			value="/var/cct9000.com/cct9k-web/100000050380000-cfca1234.pfx"/>
	<config desc="PFX密码"  						key="Allinpay.RSA.PFX.PASSWORD" value="cfca1234"/>
	<config desc="报文验签用的密钥，CER文件格式"  	key="Allinpay.RSA.CER" 			value="/var/cct9000.com/cct9k-web/100000050380000-cfca1234.cer"/>
	
	<!-- 连接设置 -->
	<config desc="连接建立超时（毫秒）" 			key="Allinpay.Connection.Timeout" 			value="10000"/>
	<config desc="数据等待超时"  					key="Allinpay.Connection.SoTimeout" 		value="30000"/>
	<config desc="每个Host默认连接数"  			key="Allinpay.Connection.DefaultMaxPerHost" value="3"/>
	<config desc="最大连接数（所有Host加起来）"  	key="Allinpay.Connection.MaxTotal" 			value="10"/>
	
	<config desc="是否需要代理(0：不需代理 ; 1:需要代理)"  	key="Allinpay.Connection.isProxy" 			value="0"/>
	<config desc="代理服务器IP地址"  						key="Allinpay.Connection.ProxyIp" 			value="128.0.0.1"/>
	<config desc="代理服务器的端口"  						key="Allinpay.Connection.ProxyPort" 		value="8888"/>
	
</configuration>
