<?xml version="1.0" encoding="UTF-8"?>
<beans:beans xmlns="http://www.springframework.org/schema/security" xmlns:beans="http://www.springframework.org/schema/beans" xmlns:xsi="http://www.w3.org/2001/XMLSchema-instance" xsi:schemaLocation="http://www.springframework.org/schema/beans http://www.springframework.org/schema/beans/spring-beans-3.0.xsd http://www.springframework.org/schema/security http://www.springframework.org/schema/security/spring-security-3.1.xsd">

    <http pattern="/Template/**" security="none" />
    <http pattern="/membership/login" security="none" />
    <http pattern="/member/register" security="none" />
    <!-- cm-->
    <http pattern="/admin/resource/showTreeByAppid" security="none" />
    <!-- cm -->
    <http pattern="register/ajaxRegister/activationmember" security="none" />
    <http pattern="access-denied.jsp" security="none" />
    <http pattern="/error.html" security="none" />
    <http use-expressions='true' entry-point-ref="customAuthenticationEntryPoint" access-denied-page="/access-denied.jsp">
        <!-- 认证和授权 -->
        <custom-filter ref="customAuthenticationFilter" position="FORM_LOGIN_FILTER"  />
        <custom-filter ref="customAuthorizationFilter" before="FILTER_SECURITY_INTERCEPTOR"/>
        <!-- 登出管理 -->
        <logout invalidate-session="true" logout-url="/j_spring_security_logout" />
        <remember-me key="springsecurityCookies1"/>
    </http>
    <!-- 未登录的切入点 -->
    <beans:bean id="customAuthenticationEntryPoint" class="org.springframework.security.web.authentication.LoginUrlAuthenticationEntryPoint">
        <beans:property name="loginFormUrl" value="/membership/login"></beans:property>
    </beans:bean>
    
    
	    <!-- 用户拥有的权限：登录后取得用户所保有的权限信息 -->
    <authentication-manager alias="customAuthenticationManager" erase-credentials="false">
        <authentication-provider user-service-ref="customUserDetailService" />
        <!-- <authentication-provider ref="rememberMeAuthenticationProvider"/> -->
    </authentication-manager>
    <beans:bean id="customUserDetailService" class="com.cct9k.security.CustomUserDetailServiceImpl">
    </beans:bean>
	   <!-- remember service 
    <beans:bean id="rememberMeServices" class="org.springframework.security.web.authentication.rememberme.TokenBasedRememberMeServices">
	  <beans:property name="userDetailsService" ref="customUserDetailService" />
	  <beans:property name="key" value="springsecurityCookies1" />
	  <beans:property name="alwaysRemember" value="false"></beans:property>
	  <beans:property name="tokenValiditySeconds" value="432000"></beans:property>
	  <beans:property name="parameter" value="_spring_security_remember_me"></beans:property>
	 </beans:bean>
	 -->
	<!-- 
 <beans:bean id="rememberMeAuthenticationProvider"
  class="org.springframework.security.authentication.RememberMeAuthenticationProvider">
  <beans:property name="key" value="springsecurityCookies1" />
 </beans:bean>
  -->
    <!-- 登录验证器 -->
    <beans:bean id="customAuthenticationFilter" class="com.cct9k.security.CustomAuthenticationFilter">
        <beans:property name="authenticationManager" ref="customAuthenticationManager" />
        <beans:property name="filterProcessesUrl" value="/j_spring_security_check" />
        <beans:property name="authenticationSuccessHandler">
            <beans:bean class="org.springframework.security.web.authentication.SavedRequestAwareAuthenticationSuccessHandler">
                <beans:property name="defaultTargetUrl" value="/member/login" />
            </beans:bean>
        </beans:property>
        <beans:property name="authenticationFailureHandler">
            <beans:bean class="org.springframework.security.web.authentication.SimpleUrlAuthenticationFailureHandler">
                <beans:property name="defaultFailureUrl" value="/membership/login" />
            </beans:bean>
        </beans:property>
         <!-- <beans:property name="rememberMeServices" ref="rememberMeServices"/>     -->
    </beans:bean>

    <!-- 认证过滤器：判断用户有没有访问特定资源的权限 -->
    <beans:bean id="customAuthorizationFilter" class="com.cct9k.security.CustomAuthorizationFilter">
        <!-- 用户拥有的权限 -->
        <beans:property name="authenticationManager" ref="customAuthenticationManager" />
        <!-- 用户是否拥有所请求资源的权限 -->
        <beans:property name="accessDecisionManager">
            <beans:bean class="com.cct9k.security.CustomAccessDecisionManager" />
        </beans:property>
        <!-- 资源与权限对应关系 -->
        <beans:property name="securityMetadataSource">
            <beans:bean class="com.cct9k.security.CustomSecurityMetadataSource">
            </beans:bean>
        </beans:property>
    </beans:bean>
    
    <!-- remember me filter
    <beans:bean id="rememberMeFilter" class="org.springframework.security.web.authentication.rememberme.RememberMeAuthenticationFilter">
	  <beans:property name="rememberMeServices" ref="rememberMeServices"/>
	  <beans:property name="authenticationManager" ref="customAuthenticationManager" />
	</beans:bean>
	 -->
	<beans:bean id="customWebInvocationPrivilegeEvaluator" class="org.springframework.security.web.access.DefaultWebInvocationPrivilegeEvaluator">
		<beans:constructor-arg name="securityInterceptor" ref="customAuthorizationFilter" />
    </beans:bean>
</beans:beans>