<?xml version="1.0" encoding="UTF-8"?>
<beans xmlns="http://www.springframework.org/schema/beans"
	xmlns:xsi="http://www.w3.org/2001/XMLSchema-instance" 
	xmlns:aop="http://www.springframework.org/schema/aop" xmlns:tx="http://www.springframework.org/schema/tx" 
	xmlns:context="http://www.springframework.org/schema/context"

	xsi:schemaLocation="http://www.springframework.org/schema/beans http://www.springframework.org/schema/beans/spring-beans-3.2.xsd http://www.springframework.org/schema/aop http://www.springframework.org/schema/aop/spring-aop.xsd http://www.springframework.org/schema/tx http://www.springframework.org/schema/tx/spring-tx.xsd http://www.springframework.org/schema/context http://www.springframework.org/schema/context/spring-context-3.2.xsd 
	" default-autowire="byName" default-lazy-init="false">	  
    <!--设置需要进行Spring注解扫描的类包 -->
    <context:component-scan base-package="com.cct9k" >
    </context:component-scan>
	<!-- JDBC参数配置 -->
	<bean class="org.springframework.beans.factory.config.PropertyPlaceholderConfigurer" lazy-init="true">
		<property name="systemPropertiesModeName" value="SYSTEM_PROPERTIES_MODE_OVERRIDE" />
		<property name="ignoreResourceNotFound" value="false" />
		<property name="locations">
			<list>
				<value>classpath:/jdbc.properties</value>
			</list>
		</property>
	</bean>
	<!-- 设置连接数据库的驱动、URL、用户名、密码 连接池最大连接数、最小连接数、初始连接数等参数 -->
	<!-- 数据源配置 -->
	<bean id="dataSource" class="org.apache.commons.dbcp.BasicDataSource">
		<!-- 设置JDBC驱动名称 -->
		<property name="driverClassName" value="${jdbc.driver}" />
		<!-- 设置JDBC连接URL -->
		<property name="url" value="${jdbc.url}" />
		<!-- 设置数据库用户名 -->
		<property name="username" value="${jdbc.username}" />
		<!-- 设置数据库密码 -->
		<property name="password" value="${jdbc.password}" />
		<!-- 设置连接池初始值 -->
		<property name="initialSize" value="5" />
		<!-- 设置连接池最大值 -->
		<property name="maxActive" value="8" />
		<!-- 设置连接池最小空闲值 -->
		<property name="minIdle" value="5" />
		<!-- 设置连接池最大空闲值 -->
		<property name="maxIdle" value="5" />
	</bean>
	
	<bean id="sessionFactory" class="org.springframework.orm.hibernate3.annotation.AnnotationSessionFactoryBean">
		<!-- 配置Hibernate拦截器,自动填充数据的插入、更新时间 -->
		<!-- property name="entityInterceptor" ref="entityInterceptor" /> -->
		<property name="dataSource" ref="dataSource" />
		<property name="hibernateProperties">
			<value>
				<!-- 设置数据库方言 -->
				hibernate.dialect=${hibernate.dialect}
				<!-- 设置自动创建|更新|验证数据库表结构create：表示启动的时候先drop，再createcreate-drop: 也表示创建，只不过再系统关闭前执行一下dropupdate: 这个操作启动的时候会去检查schema是否一致，如果不一致会做scheme更新validate: 启动时验证现有schema与你配置的hibernate是否一致，如果不一致就抛出异常，并不做更新 -->
				hibernate.hbm2ddl.auto=none
				<!-- 输出SQL语句到控制台 -->
				hibernate.show_sql=${hibernate.show_sql}
				<!-- 格式化输出到控制台的SQL语句 -->
				hibernate.format_sql=${hibernate.format_sql}
				<!-- 是否开启二级缓存 -->
				hibernate.cache.use_second_level_cache=false
				<!-- 配置二级缓存产品 -->
				hibernate.cache.provider_class=org.hibernate.cache.OSCacheProvider
				<!-- 是否开启查询缓存 -->
				hibernate.cache.use_query_cache=false
				<!-- 数据库批量查询数 -->
				hibernate.jdbc.fetch_size=50
				<!-- 数据库批量更新数 -->
				hibernate.jdbc.batch_size=30
			    hibernate.connection.release_mode=after_transaction
			</value>
		</property>
		<property name="packagesToScan" value="com.cct9k.entity"/>
		</bean>
		
		
	<!-- 缓存配置 -->
	<bean id="cacheManager" class="org.springmodules.cache.provider.oscache.OsCacheManagerFactoryBean">
        <property name="configLocation" value="classpath:oscache.properties" />
    </bean>
    
	<!-- 使用AspectJ方式配置AOP -->
	<aop:aspectj-autoproxy proxy-target-class="true" />
	<aop:config proxy-target-class="true" />
	
	<!-- 使用注解方式定义事务 -->
	<tx:annotation-driven proxy-target-class="true" transaction-manager="transactionManager" />
	
	<!-- 声明一个 Hibernate 3 的 事务管理器供代理类自动管理事务用 -->
	<bean id="transactionManager" class="org.springframework.orm.hibernate3.HibernateTransactionManager">
		<property name="sessionFactory" ref ="sessionFactory" />
		<property name="dataSource"><ref bean="dataSource"/></property>
	</bean>
	
	<!-- 配置事务传播特性
	<tx:advice id="transactionAdvice" transaction-manager="transactionManager">
		<tx:attributes>
			<tx:method name="save*" propagation="REQUIRED" />
			<tx:method name="delete*" propagation="REQUIRED" />
			<tx:method name="update*" propagation="REQUIRED" />
			<tx:method name="get*" read-only="true" />
			<tx:method name="load*" read-only="true" />
			<tx:method name="find*" read-only="true" />
			<tx:method name="*" read-only="true" />
		</tx:attributes>
	</tx:advice>
	 -->
	<!-- 配置哪些类的哪些方法参与事务
	<aop:config>
		<aop:advisor pointcut="execution(* com.cct9k.service..*.*(..))" advice-ref="transactionAdvice" />
	</aop:config>
	 -->
	
	<bean id="oracleNativePaginationQuery" class="com.cct9k.common.OracleNativePaginationQuery"/>
	
	<!-- jdbcTemplate定义 -->
	<bean id="simpleSpringJdbcTemplate" class="com.cct9k.common.SimpleSpringJdbcTemplate">
	   <constructor-arg index="0" ref="dataSource" />
	   <property name="paginationQueryLanguage" ref="oracleNativePaginationQuery"/>
	</bean>
	
	<!-- 配置JCaptcha验证码功能 
	
	<bean id="captchaService" class="com.octo.captcha.service.image.DefaultManageableImageCaptchaService">
		<property name="captchaEngine">
			<bean class="com.cct9k.common.JCaptchaEngine" />
		</property>
		<property name="minGuarantedStorageDelayInSeconds" value="600" />
	</bean>	
	-->
	<!-- SMTP邮件服务配置 -->
	<bean id="javaMailSender" class="org.springframework.mail.javamail.JavaMailSenderImpl">
		<property name="javaMailProperties">
			<props>
				<prop key="mail.smtp.auth">true</prop>
				<prop key="mail.smtp.timeout">25000</prop>
				<!-- SSL连接配置 -->
				<!--
				<prop key="mail.smtp.starttls.enable">true</prop>  
				<prop key="mail.smtp.socketFactory.class">javax.net.ssl.SSLSocketFactory</prop>
				-->
			</props>
		</property>
	</bean>
	<!-- SMTP邮件异步发送 -->
	<bean id="taskExecutor" class="org.springframework.scheduling.concurrent.ThreadPoolTaskExecutor">
		<!-- 核心线程数 -->
		<property name="corePoolSize" value="10" />
		<!-- 最大线程数 -->
		<property name="maxPoolSize" value="50" />
		<!-- 最大队列数 -->
		<property name="queueCapacity" value="10000" />
		<!-- 线程池维护线程所允许的空闲时间 -->
		<property name="keepAliveSeconds" value="60" />
	</bean>			
</beans>