<?xml version="1.0" encoding="UTF-8"?>
<beans xmlns="http://www.springframework.org/schema/beans"
       xmlns:p="http://www.springframework.org/schema/p"
       xmlns:xsi="http://www.w3.org/2001/XMLSchema-instance"
       xmlns:mvc="http://www.springframework.org/schema/mvc"
       xmlns:context="http://www.springframework.org/schema/context"
       xsi:schemaLocation="http://www.springframework.org/schema/beans http://www.springframework.org/schema/beans/spring-beans-3.1.xsd
	http://www.springframework.org/schema/context http://www.springframework.org/schema/context/spring-context-3.1.xsd
	http://www.springframework.org/schema/mvc http://www.springframework.org/schema/mvc/spring-mvc-3.1.xsd"
       default-lazy-init="true">
    <!--使Spring支持自动检测组件，如注解的Controller -->
    <context:component-scan base-package="com.cct9k.web"/>
    <mvc:annotation-driven/>

    <!-- 拦截器, 多个拦截器,顺序执行 , 如果不配置或/*,将拦截所有的Controller  -->
    <mvc:interceptors>
     	<mvc:interceptor>
            <mvc:mapping path="/**"/>
            <bean class="org.springframework.orm.hibernate3.support.OpenSessionInViewInterceptor">
                <property name="sessionFactory">
                    <ref bean="sessionFactory"/>
                </property>
            </bean>
        </mvc:interceptor>            
        <mvc:interceptor>
            <mvc:mapping path="/**"/>
            <bean class="com.cct9k.web.interceptor.TokenInterceptor"></bean>
        </mvc:interceptor>      
        <mvc:interceptor>
            <mvc:mapping path="/**"/>
            <bean class="com.cct9k.web.interceptor.FrontContextInterceptor"></bean>
        </mvc:interceptor>
       
    </mvc:interceptors>

    <!-- 对静态资源的访问 使用容器 Tomcat的defaultServlet，web.xml写在DispatcherServlet-->
    <mvc:default-servlet-handler/>
    <bean id="localeResolver" class="org.springframework.web.servlet.i18n.CookieLocaleResolver">
        <property name="cookieName" value="clientlanguage"/>
        <property name="cookieMaxAge" value="-1"/>
    </bean>
    <!-- 统一异常
    <bean class="org.springframework.web.servlet.handler.SimpleMappingExceptionResolver">
        <property name="defaultErrorView">
            <value>/error/error</value>
        </property>
        <property name="exceptionMappings">
            <props>
                <prop key="org.springframework.web.bind.MissingServletRequestParameterException">/error/requiredParameter</prop>
                <prop key="org.springframework.beans.TypeMismatchException">/error/mismatchParameter</prop>
                <prop key="org.springframework.web.bind.ServletRequestBindingException">/error/bindException</prop>
                <prop key="org.springframework.dao.DataIntegrityViolationException">/error/integrityViolation</prop>
                <prop key="java.sql.IOException">error/ioError</prop>
                <prop key="java.sql.SQLException">error/sqlErro</prop>
                <prop key="java.lang.Exception">/error/systemException</prop>
            </props>
        </property>
    </bean>
     -->
    <bean id="messageSource" class="org.springframework.context.support.ReloadableResourceBundleMessageSource">
        <property name="cacheSeconds" value="0"/>
        <property name="basenames">
            <list>
                <value>classpath:/messages</value>
            </list>
        </property>
    </bean>
    <!--  jsp视图配置-->
    <bean id="internalResourceViewResolver"
          class="org.springframework.web.servlet.view.InternalResourceViewResolver">
        <property name="viewClass" value="org.springframework.web.servlet.view.JstlView"/>
        <property name="order" value="3"/>
        <!--处理顺序-->
        <property name="prefix" value="/Template"/>
        <!--前缀-->
        <property name="suffix" value=".jsp"/>
        <!--后缀-->
    </bean>

    <bean id="freemarkerResolver"
          class="org.springframework.web.servlet.view.freemarker.FreeMarkerViewResolver">
        <property name="order" value="2"/>
        <!--处理顺序-->
        <property name="prefix" value=""/>
        <!--前缀-->
        <property name="suffix" value=".ftl"/>
        <!--后缀-->
        <property name="contentType" value="text/html;charset=utf-8"/>
        <!--编码-->
        <property name="viewClass">
            <value>
                org.springframework.web.servlet.view.freemarker.FreeMarkerView
            </value>
        </property>
        <!-- freemarker模板文件中可 rc.getContextPath()获得程序路径 -->
        <property name="requestContextAttribute" value="rc"></property>
    </bean>

    <!-- freemarker配置文件路径 -->
    <bean id="freemarkerConfiguration"
          class="org.springframework.beans.factory.config.PropertiesFactoryBean">
        <property name="location" value="classpath:freemarker.properties"/>
    </bean>

    <!-- freemarker基本配置 -->
    <bean id="freemarkerConfig"
          class="org.springframework.web.servlet.view.freemarker.FreeMarkerConfigurer">
        <property name="freemarkerSettings" ref="freemarkerConfiguration"/>
        <property name="templateLoaderPath" value="WEB-INF/Template/"/>
    </bean>
     <!-- spring文件上传配置 -->
    <bean id="multipartResolver"  
    class="org.springframework.web.multipart.commons.CommonsMultipartResolver"  
    p:defaultEncoding="UTF-8" />

    <!-- 视图配置-->
    <bean class="org.springframework.web.servlet.view.ContentNegotiatingViewResolver">
        <property name="order" value="1"/>
        <!--处理顺序-->
        <!-- <property name="ignoreAcceptHeader" value="true" />
        <property name="favorParameter" value="true" /> -->
        <property name="defaultContentType" value="text/html"/>
        <property name="mediaTypes">
            <map>
                <entry key="html" value="text/html"/>
                <entry key="json" value="application/json"/>
                <entry key="xml" value="application/xml"/>
                <entry key="excel" value="application/excel"/>
                <entry key="pdf" value="application/pdf"/>
            </map>
        </property>
        <property name="viewResolvers">
            <list>
                <bean class="org.springframework.web.servlet.view.BeanNameViewResolver"/>
                <ref bean="freemarkerResolver"/>
                <ref bean="internalResourceViewResolver"/>
            </list>
        </property>
        <property name="defaultViews">
            <list>

            </list>
        </property>
    </bean>
</beans>